pair_id,treated,control,ps_t,ps_c,dist
0,173,331,0.6166869008724223,0.6313698644967504,0.06258875368562228
1,97,346,0.49928631818296826,0.5037238813190085,0.017750529906171403
2,70,2023,0.8625731027943567,0.8770060494045328,0.12755093503881132
3,116,2011,0.7015166993268344,0.6887485066547597,0.06025577070040833
4,142,2025,0.7343063370598759,0.7218560134866804,0.06289551744561661
5,166,1925,0.21568716326676196,0.2155179070548479,0.0010008168072825896
6,149,2009,0.7608257586311878,0.766746015870673,0.0328156480714239
7,147,2048,0.7268331211230994,0.749661667504687,0.11819464155689763
8,0,1926,0.37735704882238646,0.38024999311585583,0.012294155077371971
9,105,487,0.6394328713723827,0.6356205490251222,0.01649750398210892
10,72,2001,0.9189643436040336,0.9150801653165354,0.05105407854171018
11,75,2036,0.4685760877165462,0.47328253451499797,0.018889783960490902
12,93,2014,0.8397064975322769,0.8247075770425976,0.10747259413458266
13,174,249,0.06602314532605921,0.06634413051402774,0.005193661881545353
14,103,1946,0.9326045203388786,0.9031239028370416,0.3949763397785029
15,5,1945,0.9030693979028439,0.9031239028370416,0.000622820371331656
16,144,454,0.11745763484277824,0.11865951091828869,0.011543187074292582
17,157,2004,0.5195717026143439,0.5125719201416069,0.028028549008819813
18,84,1982,0.8577856405279909,0.8846286249782932,0.2399929119394386
19,183,544,0.001279646219067794,0.00128079596001809,0.0008992312705906613
20,179,209,0.312735543744111,0.31432156541212014,0.007369028486237994
21,102,1943,0.8883935916034914,0.8883935916034914,0.0
22,135,1999,0.7458997029451448,0.7507018791070598,0.02549706940955465
23,148,2003,0.41293453408981606,0.4085143075553512,0.01826328366133373
24,10,1939,0.9219247088148416,0.8959309621977212,0.3159810718228022
25,39,2012,0.8922201927816946,0.8864283268167548,0.0588564779467986
26,13,353,0.5620195131359396,0.5765170390139326,0.059129404425936866
27,146,281,0.8499839343917154,0.8212920253205155,0.2093493625441163
28,54,1995,0.5130434029256392,0.5114051967113115,0.0065567499293615605
29,141,222,0.2963893476348606,0.29742077234473463,0.00494090257198998
30,126,2020,0.6726945997004139,0.679035422855167,0.0289447735941728
31,156,195,0.8440301947145821,0.8172842611922747,0.19047047508025017
32,114,198,0.2822680137117768,0.2852536146973911,0.014690085182617163
33,71,2204,0.4306923957135295,0.4368204049470359,0.024950321015273058
34,106,326,0.7723948114472731,0.791420319666581,0.11162474181852566
35,17,2010,0.8995846343128813,0.793044872793888,0.849240085951315
36,154,405,0.14494398827018887,0.14479430041748106,0.00120830930314475
37,139,2062,0.31286439925846216,0.3171041918881225,0.019649889597685655
38,53,192,0.7925006018568019,0.7925006018568019,0.0
40,175,364,0.4577744801289434,0.4597807817496481,0.008080139418314786
41,41,2013,0.5667226518482358,0.5795296872163376,0.05235102935344049
42,68,2055,0.2023618151834834,0.20247692609934156,0.0007130005268274342
44,163,2000,0.6384958547080787,0.6521119917993532,0.05949402651182656
46,119,2019,0.6826543320158279,0.6800199444214305,0.01213355368888025
51,99,430,0.790679596358275,0.6010308069318411,0.9192647252423838
52,168,1940,0.27354206925753005,0.275000854949368,0.00732887737421184
57,143,2201,0.32570449942412827,0.31905118625835777,0.030457675375961224
60,35,359,0.5191814216466017,0.5083809989162539,0.04323622324076288
61,82,1920,0.1315672982666421,0.13177231027352515,0.0017931155625403594
62,94,2074,0.6395764554132962,0.5433489306238837,0.39969417974567834
67,178,1951,0.0273501048408736,0.027384083445090277,0.0012765209433833746
69,167,205,0.2513694421755177,0.25804315634662406,0.03515764075743366
70,109,2069,0.526718125802802,0.5070748499198842,0.07867311171619747
76,124,2017,0.44651095032511784,0.4457304966047566,0.003158491660372187
78,181,705,0.0008682789703457467,0.0008639854550786072,0.004961420406420558
81,138,2131,0.34551119803881625,0.3465808410100762,0.004726700183970922
83,158,440,0.6983439136228266,0.4939517293555779,0.8636183754214759
84,153,2059,0.5047707885071965,0.4834334011741638,0.08537439374682856
86,90,1985,0.4932979473464809,0.4542909324701741,0.15653836082770317
88,37,335,0.46774006267714363,0.45293518373058556,0.05959900250271885
90,151,532,0.30434309261750636,0.305783475766687,0.006794280008477149
92,88,204,0.3671990038093105,0.3671990038093105,0.0
93,165,1959,0.2528776597154756,0.25838660958554804,0.0289520137390884
97,38,339,0.20896656581090836,0.20898675929034607,0.0001221586068353986
101,9,227,0.04231124777462379,0.04231124777462379,0.0
105,176,406,0.10526861584206547,0.10483405402067006,0.004622239276558915
106,57,229,0.25059794150837134,0.23936614516173185,0.06073193241125918
108,25,1921,0.5327482313544835,0.44564198119165793,0.3494755440350037
110,132,412,0.5010250908379201,0.42275357322684537,0.31558018714337144
113,123,969,0.020776052639594953,0.020733464882446605,0.0020954425507326846
114,164,2042,0.21159350546220534,0.21119667007301823,0.0023804339094180005
117,22,2342,0.22575848067212756,0.2246413136146031,0.00640266781833887
121,161,327,0.3408294599620417,0.33872296937924323,0.009390234232270811
122,18,1919,0.5387063535968637,0.3974517015134079,0.5712302112343443
124,133,556,0.574410270637359,0.39161345125620456,0.740403283974242
127,155,2084,0.31484493071900593,0.3061829225179359,0.04046068232100286
134,136,1918,0.10318198862486427,0.10319913800304926,0.00018531399805876703
136,171,2258,0.0573892959201316,0.0575111680451713,0.0022506525754124596
137,134,2213,0.5001681951994681,0.38193335408539214,0.48202294611165
138,67,188,0.468265919735088,0.3718716880535087,0.39708841766192804
141,180,627,0.0024902818502571494,0.00248474202373375,0.002232609813627384
142,21,1928,0.11460531700275946,0.11485069263605427,0.0024159359338726816
144,128,1915,0.49739475857095666,0.36937506668955045,0.5244776566245652
149,125,2106,0.4913274517758063,0.35136343033844925,0.578357800476113
151,51,2082,0.4932979473464809,0.35004537920690604,0.5920299290009606
154,162,549,0.13503372816970652,0.13399412216190715,0.00892983281605364
156,182,446,0.003980457455310984,0.003970739310895106,0.002454206377521473
162,58,650,0.17501243905724728,0.17546437145621294,0.0031269141330814154
165,172,966,0.33713623422573796,0.3385108345299459,0.006144877682457417
166,177,283,0.35113492253010636,0.33502539619077437,0.07148825383471091
167,115,1924,0.2626401980956605,0.26584481050848313,0.016483226883318602
168,31,493,0.49472068001341934,0.3325790376137413,0.6754253711451498
173,184,2472,0.00023470861220317835,0.00023451430201228488,0.000828415638739699
184,95,1998,0.2972906431908881,0.30102538917640753,0.017813307909900544
